product_id,category,brand,size
FB001166,Bottoms,H&M,XS
FB001656,Shoes,Mango,XS
FB001736,Shoes,Ann Taylor,XS
FB000465,Outerwear,Ann Taylor,XS
FB000670,Outerwear,H&M,XS
FB002103,Bottoms,Zara,XS
FB000467,Bottoms,Banana Republic,XS
FB001792,Bottoms,H&M,XS
FB001737,Shoes,Mango,XS
FB000869,Outerwear,Forever21,XS
FB001567,Outerwear,Banana Republic,XS
FB000250,Outerwear,Uniqlo,XS
FB001700,Dresses,Ann Taylor,XS
FB000874,Shoes,Gap,XS
FB000876,Shoes,Zara,XS
FB001701,Shoes,Mango,XS
FB001654,Dresses,Gap,XS
FB001530,Bottoms,Gap,XS
FB002104,Tops,Zara,XS
FB002015,Dresses,Zara,XS
FB000267,Dresses,Zara,XS
FB000676,Tops,Mango,XS
FB000835,Dresses,Ann Taylor,XS
FB000836,Outerwear,Mango,XS
FB000838,Dresses,Uniqlo,XS
FB001255,Bottoms,H&M,XS
FB000283,Shoes,Forever21,XS
FB000457,Shoes,Mango,XS
FB000856,Shoes,H&M,XS
FB000674,Dresses,Mango,XS
FB001952,Shoes,H&M,XS
FB000846,Dresses,Ann Taylor,XS
FB000459,Tops,Gap,XS
FB001660,Tops,Forever21,XS
FB000460,Dresses,H&M,XS
FB001163,Dresses,Zara,XS
FB000672,Bottoms,H&M,XS
FB000277,Shoes,Uniqlo,XS
FB000292,Outerwear,Ann Taylor,XS
FB000471,Bottoms,Uniqlo,XS
FB001569,Outerwear,Zara,XS
FB000210,Tops,Banana Republic,XS
FB001525,Bottoms,Zara,XS
FB001311,Dresses,Mango,XS
FB000935,Outerwear,Mango,XS
FB000654,Shoes,Zara,XS
FB000203,Shoes,Banana Republic,XS
FB002006,Tops,Zara,XS
FB001238,Tops,Mango,XS
FB000201,Bottoms,Zara,XS
FB000483,Shoes,Zara,XS
FB000484,Shoes,Uniqlo,XS
FB001433,Tops,Ann Taylor,XS
FB000409,Outerwear,Gap,XS
FB000649,Bottoms,Banana Republic,XS
FB000953,Bottoms,Gap,XS
FB002126,Shoes,Zara,XS
FB000942,Outerwear,Forever21,XS
FB000241,Dresses,Forever21,XS
FB000480,Shoes,Mango,XS
FB000919,Shoes,Gap,XS
FB001793,Outerwear,H&M,XS
FB001957,Dresses,Mango,XS
FB000473,Shoes,Gap,XS
FB000894,Shoes,Gap,XS
FB000228,Bottoms,H&M,XS
FB000896,Tops,Ann Taylor,XS
FB001915,Shoes,Banana Republic,XS
FB001423,Bottoms,Uniqlo,XS
FB001794,Outerwear,Banana Republic,XS
FB001357,Tops,Uniqlo,XS
FB000665,Bottoms,Forever21,XS
FB000221,Outerwear,H&M,XS
FB000910,Shoes,Banana Republic,XS
FB000662,Tops,Ann Taylor,XS
FB000915,Tops,Forever21,XS
FB001735,Dresses,Banana Republic,XS
FB000904,Shoes,Mango,XS
FB000954,Shoes,Uniqlo,XS
FB000682,Shoes,Mango,XS
FB000683,Bottoms,Ann Taylor,XS
FB001281,Shoes,Ann Taylor,XS
FB001762,Dresses,Banana Republic,XS
FB000420,Shoes,Uniqlo,XS
FB000754,Outerwear,Uniqlo,XS
FB001537,Tops,Zara,XS
FB001385,Dresses,Mango,XS
FB001673,Tops,H&M,XS
FB001876,Bottoms,Ann Taylor,XS
FB001277,Shoes,Uniqlo,XS
FB000361,Tops,Gap,XS
FB001276,Shoes,Zara,XS
FB000708,Dresses,Mango,XS
FB001274,Shoes,Uniqlo,XS
FB001748,Bottoms,Ann Taylor,XS
FB000353,Dresses,Banana Republic,XS
FB000771,Dresses,H&M,XS
FB001875,Shoes,Banana Republic,XS
FB000350,Dresses,Zara,XS
FB000377,Outerwear,Gap,XS
FB000382,Tops,H&M,XS
FB000408,Outerwear,Banana Republic,XS
FB001286,Bottoms,Zara,XS
FB000405,Outerwear,Uniqlo,XS
FB000726,Outerwear,Uniqlo,XS
FB001290,Outerwear,H&M,XS
FB001922,Tops,Ann Taylor,XS
FB000397,Dresses,Uniqlo,XS
FB000379,Bottoms,Forever21,XS
FB000414,Bottoms,Gap,XS
FB000393,Dresses,Uniqlo,XS
FB000392,Tops,Mango,XS
FB001535,Shoes,Banana Republic,XS
FB001381,Outerwear,Ann Taylor,XS
FB000734,Shoes,Uniqlo,XS
FB001688,Tops,Ann Taylor,XS
FB001750,Outerwear,Mango,XS
FB001291,Outerwear,Uniqlo,XS
FB002018,Shoes,H&M,XS
FB000773,Shoes,Ann Taylor,XS
FB000774,Shoes,Banana Republic,XS
FB000440,Bottoms,Zara,XS
FB001775,Outerwear,Uniqlo,XS
FB002089,Dresses,Forever21,XS
FB002023,Bottoms,Forever21,XS
FB001667,Bottoms,Forever21,XS
FB001697,Tops,Zara,XS
FB000807,Shoes,H&M,XS
FB000315,Outerwear,Ann Taylor,XS
FB000689,Bottoms,Mango,XS
FB002022,Dresses,Zara,XS
FB000816,Outerwear,Ann Taylor,XS
FB001398,Shoes,Forever21,XS
FB000817,Bottoms,Forever21,XS
FB001262,Dresses,Uniqlo,XS
FB000685,Bottoms,Banana Republic,XS
FB001742,Shoes,Uniqlo,XS
FB000688,Shoes,Uniqlo,XS
FB000347,Bottoms,Mango,XS
FB000316,Dresses,Mango,XS
FB001394,Bottoms,Banana Republic,XS
FB001747,Outerwear,Uniqlo,XS
FB000701,Bottoms,H&M,XS
FB000780,Dresses,Banana Republic,XS
FB001769,Bottoms,Forever21,XS
FB000339,Bottoms,Zara,XS
FB000781,Outerwear,H&M,XS
FB002085,Outerwear,Gap,XS
FB000317,Tops,Zara,XS
FB001297,Bottoms,Banana Republic,XS
FB001392,Outerwear,Ann Taylor,XS
FB000329,Outerwear,Uniqlo,XS
FB000434,Shoes,Zara,XS
FB001744,Bottoms,Zara,XS
FB000792,Tops,Mango,XS
FB000692,Bottoms,H&M,XS
FB001364,Tops,Gap,XS
FB000332,Dresses,Forever21,XS
FB001438,Tops,Forever21,XS
FB001434,Shoes,H&M,XS
FB000492,Outerwear,Gap,XS
FB000075,Dresses,Mango,XS
FB000074,Tops,Mango,XS
FB001183,Outerwear,Forever21,XS
FB001607,Shoes,Mango,XS
FB000069,Dresses,Forever21,XS
FB001834,Tops,Ann Taylor,XS
FB000066,Bottoms,Mango,XS
FB000065,Tops,Zara,XS
FB001908,Dresses,Forever21,XS
FB001097,Shoes,Gap,XS
FB001099,Bottoms,H&M,XS
FB000059,Tops,Mango,XS
FB001181,Outerwear,Gap,XS
FB001324,Bottoms,Uniqlo,XS
FB001604,Bottoms,Gap,XS
FB001863,Bottoms,Uniqlo,XS
FB001830,Outerwear,Forever21,XS
FB001088,Dresses,H&M,XS
FB001337,Outerwear,Gap,XS
FB001063,Shoes,Uniqlo,XS
FB000099,Bottoms,Zara,XS
FB001826,Tops,Gap,XS
FB001192,Shoes,H&M,XS
FB000095,Bottoms,Zara,XS
FB000094,Bottoms,H&M,XS
FB001344,Tops,Gap,XS
FB000547,Bottoms,Banana Republic,XS
FB001439,Tops,Uniqlo,XS
FB001341,Shoes,Gap,XS
FB001941,Shoes,Ann Taylor,XS
FB000086,Bottoms,Forever21,XS
FB001185,Bottoms,Mango,XS
FB000084,Shoes,Zara,XS
FB001081,Dresses,Uniqlo,XS
FB001184,Tops,Mango,XS
FB001074,Outerwear,Ann Taylor,XS
FB001886,Outerwear,Zara,XS
FB000591,Shoes,Mango,XS
FB001482,Dresses,Forever21,XS
FB000572,Shoes,H&M,XS
FB001966,Bottoms,Gap,XS
FB001913,Shoes,Zara,XS
FB001330,Tops,Gap,XS
FB000014,Dresses,Uniqlo,XS
FB001152,Tops,Gap,XS
FB001329,Bottoms,Zara,XS
FB001503,Dresses,H&M,XS
FB001498,Outerwear,Forever21,XS
FB001155,Outerwear,Uniqlo,XS
FB001156,Bottoms,Zara,XS
FB001157,Tops,Forever21,XS
FB001852,Bottoms,Gap,XS
FB000564,Dresses,H&M,XS
FB001590,Tops,Forever21,XS
FB001848,Dresses,Forever21,XS
FB001714,Bottoms,Gap,XS
FB000025,Tops,Forever21,XS
FB001136,Outerwear,Zara,XS
FB001483,Tops,Gap,XS
FB001924,Tops,Banana Republic,XS
FB000043,Outerwear,Zara,XS
FB001600,Outerwear,Mango,XS
FB001118,Shoes,Mango,XS
FB000039,Shoes,Zara,XS
FB001328,Tops,Mango,XS
FB001553,Outerwear,Banana Republic,XS
FB002168,Shoes,H&M,XS
FB001123,Outerwear,Gap,XS
FB000555,Tops,Forever21,XS
FB001491,Shoes,Gap,XS
FB001128,Shoes,Gap,XS
FB000556,Tops,Ann Taylor,XS
FB001172,Outerwear,Ann Taylor,XS
FB001909,Bottoms,Uniqlo,XS
FB001842,Tops,Zara,XS
FB001061,Dresses,H&M,XS
FB001342,Bottoms,Uniqlo,XS
FB001052,Dresses,Forever21,XS
FB000980,Bottoms,Mango,XS
FB000640,Bottoms,Banana Republic,XS
FB001996,Tops,Zara,XS
FB001942,Outerwear,Banana Republic,XS
FB001458,Shoes,Zara,XS
FB001937,Bottoms,H&M,XS
FB001930,Outerwear,Ann Taylor,XS
FB000636,Outerwear,Ann Taylor,XS
FB001550,Bottoms,Gap,XS
FB001348,Dresses,Mango,XS
FB000999,Dresses,Banana Republic,XS
FB001001,Dresses,Mango,XS
FB000511,Shoes,Zara,XS
FB000141,Dresses,Ann Taylor,XS
FB002146,Bottoms,Uniqlo,XS
FB001450,Bottoms,H&M,XS
FB000159,Shoes,Gap,XS
FB000642,Bottoms,Banana Republic,XS
FB001931,Outerwear,Mango,XS
FB000494,Outerwear,Banana Republic,XS
FB001804,Outerwear,Banana Republic,XS
FB000181,Outerwear,H&M,XS
FB000179,Tops,Forever21,XS
FB000967,Dresses,Mango,XS
FB000968,Shoes,Ann Taylor,XS
FB001228,Bottoms,Banana Republic,XS
FB000970,Outerwear,Banana Republic,XS
FB000172,Tops,Zara,XS
FB000171,Bottoms,Ann Taylor,XS
FB001447,Bottoms,Banana Republic,XS
FB002065,Tops,Forever21,XS
FB000975,Dresses,Uniqlo,XS
FB001515,Shoes,Banana Republic,XS
FB001214,Bottoms,Forever21,XS
FB001009,Bottoms,Gap,XS
FB000411,Tops,Gap,XS
FB000137,Tops,H&M,XS
FB000526,Tops,Banana Republic,XS
FB000621,Tops,Banana Republic,XS
FB001578,Outerwear,Gap,XS
FB001994,Outerwear,H&M,XS
FB001317,Bottoms,Gap,XS
FB001204,Outerwear,H&M,XS
FB001041,Tops,Gap,XS
FB001205,Shoes,Ann Taylor,XS
FB000124,Shoes,H&M,XS
FB001206,Tops,Gap,XS
FB001622,Outerwear,Mango,XS
FB001821,Bottoms,Banana Republic,XS
FB000129,Outerwear,Ann Taylor,XS
FB001723,Bottoms,Banana Republic,XS
FB001347,Tops,Forever21,XS
FB000109,Shoes,H&M,XS
FB000632,Tops,H&M,XS
FB000618,Bottoms,H&M,XS
FB000531,Shoes,H&M,XS
FB001046,Tops,Banana Republic,XS
FB000517,Tops,Gap,XS
FB001621,Outerwear,Uniqlo,XS
FB001048,Tops,Uniqlo,XS
FB000130,Shoes,Gap,XS
FB001033,Dresses,H&M,XS
FB001312,Bottoms,Zara,S
FB000644,Outerwear,Mango,S
FB002048,Dresses,Mango,S
FB000722,Shoes,Gap,S
FB000651,Outerwear,Mango,S
FB000574,Outerwear,Uniqlo,S
FB002040,Shoes,Uniqlo,S
FB000648,Outerwear,Ann Taylor,S
FB000650,Tops,Zara,S
FB001946,Outerwear,Gap,S
FB002054,Outerwear,Uniqlo,S
FB000698,Tops,Mango,S
FB000697,Shoes,Mango,S
FB000631,Tops,Banana Republic,S
FB000694,Bottoms,Zara,S
FB001712,Tops,Gap,S
FB000627,Tops,Gap,S
FB002042,Tops,Gap,S
FB000625,Bottoms,Forever21,S
FB001323,Shoes,Mango,S
FB001322,Dresses,H&M,S
FB000590,Dresses,Gap,S
FB001327,Dresses,Mango,S
FB001554,Dresses,H&M,S
FB000658,Bottoms,Uniqlo,S
FB001296,Outerwear,Zara,S
FB001699,Bottoms,Mango,S
FB001943,Shoes,Ann Taylor,S
FB000643,Dresses,Mango,S
FB000714,Bottoms,Ann Taylor,S
FB002047,Shoes,Mango,S
FB000633,Bottoms,Zara,S
FB000853,Shoes,Banana Republic,S
FB000727,Shoes,Forever21,S
FB001980,Dresses,Gap,S
FB001983,Bottoms,Mango,S
FB001623,Dresses,Uniqlo,S
FB001031,Dresses,Ann Taylor,S
FB001024,Tops,Banana Republic,S
FB001021,Tops,Ann Taylor,S
FB001989,Bottoms,Zara,S
FB001016,Outerwear,Zara,S
FB001993,Shoes,Uniqlo,S
FB001012,Tops,Zara,S
FB001215,Tops,Banana Republic,S
FB001628,Tops,Banana Republic,S
FB001045,Bottoms,Banana Republic,S
FB000997,Tops,Zara,S
FB000990,Outerwear,Zara,S
FB000988,Shoes,Zara,S
FB001576,Outerwear,Forever21,S
FB001634,Shoes,Uniqlo,S
FB000978,Shoes,Banana Republic,S
FB001998,Dresses,Zara,S
FB001958,Shoes,Mango,S
FB000973,Bottoms,Forever21,S
FB001575,Bottoms,Gap,S
FB001901,Outerwear,Ann Taylor,S
FB000962,Dresses,Forever21,S
FB000961,Outerwear,Mango,S
FB000993,Shoes,Gap,S
FB000960,Tops,Zara,S
FB001198,Dresses,Gap,S
FB001619,Outerwear,Uniqlo,S
FB001160,Tops,Uniqlo,S
FB001153,Shoes,Gap,S
FB001151,Tops,H&M,S
FB001911,Outerwear,Ann Taylor,S
FB001968,Shoes,Zara,S
FB001137,Tops,Zara,S
FB001135,Bottoms,H&M,S
FB001132,Dresses,Banana Republic,S
FB001596,Shoes,Zara,S
FB001122,Tops,Mango,S
FB001176,Shoes,Forever21,S
FB001115,Bottoms,Zara,S
FB001051,Dresses,Forever21,S
FB001914,Outerwear,Mango,S
FB001971,Shoes,Banana Republic,S
FB001582,Outerwear,H&M,S
FB001101,Outerwear,Zara,S
FB001092,Bottoms,Forever21,S
FB001976,Outerwear,Mango,S
FB001085,Shoes,Uniqlo,S
FB001614,Shoes,Forever21,S
FB001190,Tops,H&M,S
FB001615,Dresses,Mango,S
FB001616,Shoes,Zara,S
FB001067,Dresses,Ann Taylor,S
FB001062,Bottoms,H&M,S
FB001179,Dresses,Zara,S
FB001230,Dresses,Forever21,S
FB002003,Outerwear,Gap,S
FB001574,Tops,Ann Taylor,S
FB000805,Bottoms,Zara,S
FB000803,Shoes,Mango,S
FB002025,Tops,Gap,S
FB000797,Outerwear,Forever21,S
FB000794,Bottoms,Zara,S
FB000790,Bottoms,H&M,S
FB001270,Tops,Forever21,S
FB000788,Tops,Ann Taylor,S
FB000787,Dresses,Ann Taylor,S
FB001271,Dresses,H&M,S
FB000785,Outerwear,Forever21,S
FB000779,Shoes,Mango,S
FB000810,Outerwear,Ann Taylor,S
FB002027,Outerwear,Ann Taylor,S
FB000770,Tops,Zara,S
FB001275,Bottoms,H&M,S
FB000764,Dresses,Gap,S
FB000760,Dresses,Forever21,S
FB001678,Shoes,Banana Republic,S
FB001280,Bottoms,Uniqlo,S
FB002034,Outerwear,Zara,S
FB000743,Tops,Forever21,S
FB000742,Dresses,Mango,S
FB001948,Shoes,Mango,S
FB000730,Bottoms,Mango,S
FB000728,Bottoms,Gap,S
FB002029,Tops,Zara,S
FB001664,Dresses,Banana Republic,S
FB000823,Dresses,Forever21,S
FB001897,Bottoms,Uniqlo,S
FB001899,Bottoms,Forever21,S
FB001234,Outerwear,Banana Republic,S
FB000936,Outerwear,Mango,S
FB001898,Outerwear,Banana Republic,S
FB001239,Shoes,H&M,S
FB000917,Outerwear,Ann Taylor,S
FB000913,Outerwear,Gap,S
FB000912,Bottoms,Banana Republic,S
FB000908,Dresses,Forever21,S
FB001243,Bottoms,Mango,S
FB000893,Outerwear,Ann Taylor,S
FB001652,Tops,Banana Republic,S
FB000882,Dresses,Zara,S
FB000872,Tops,Uniqlo,S
FB001655,Tops,Uniqlo,S
FB002011,Outerwear,Zara,S
FB000865,Outerwear,Forever21,S
FB000863,Dresses,Mango,S
FB000859,Bottoms,Gap,S
FB001657,Tops,Uniqlo,S
FB000852,Outerwear,Zara,S
FB002016,Dresses,Ann Taylor,S
FB000842,Outerwear,Forever21,S
FB000841,Tops,Banana Republic,S
FB000834,Shoes,H&M,S
FB001258,Tops,Zara,S
FB000827,Tops,Gap,S
FB000725,Dresses,Uniqlo,S
FB000567,Dresses,Gap,S
FB000569,Tops,Uniqlo,S
FB000255,Bottoms,Zara,S
FB001370,Shoes,Mango,S
FB000105,Shoes,H&M,S
FB001825,Bottoms,Mango,S
FB000284,Tops,Banana Republic,S
FB001373,Shoes,Mango,S
FB000110,Dresses,Zara,S
FB000113,Dresses,H&M,S
FB000115,Bottoms,Forever21,S
FB001382,Dresses,Zara,S
FB002133,Dresses,Zara,S
FB000288,Dresses,Uniqlo,S
FB001758,Outerwear,Mango,S
FB001865,Dresses,Forever21,S
FB001873,Outerwear,H&M,S
FB001383,Outerwear,Mango,S
FB001751,Tops,Zara,S
FB000282,Bottoms,Uniqlo,S
FB000103,Dresses,Uniqlo,S
FB002076,Outerwear,Forever21,S
FB001543,Bottoms,Forever21,S
FB001741,Tops,H&M,S
FB000264,Dresses,Forever21,S
FB000192,Tops,Ann Taylor,S
FB000083,Dresses,Ann Taylor,S
FB000268,Tops,Ann Taylor,S
FB001539,Outerwear,Banana Republic,S
FB000374,Shoes,Zara,S
FB001362,Shoes,Uniqlo,S
FB000270,Bottoms,H&M,S
FB001366,Outerwear,Forever21,S
FB000091,Shoes,Uniqlo,S
FB001367,Shoes,Ann Taylor,S
FB000093,Shoes,Zara,S
FB001531,Outerwear,Ann Taylor,S
FB000102,Dresses,Banana Republic,S
FB000088,Dresses,Banana Republic,S
FB001404,Tops,H&M,S
FB000119,Bottoms,Uniqlo,S
FB000294,Shoes,Zara,S
FB000298,Dresses,Mango,S
FB000336,Shoes,Mango,S
FB000135,Tops,H&M,S
FB000327,Bottoms,Forever21,S
FB001393,Tops,Gap,S
FB001923,Shoes,Zara,S
FB000300,Outerwear,Banana Republic,S
FB000321,Bottoms,Mango,S
FB001466,Bottoms,Banana Republic,S
FB000320,Shoes,Uniqlo,S
FB002088,Bottoms,H&M,S
FB001532,Tops,Mango,S
FB001396,Shoes,Gap,S
FB000309,Tops,Mango,S
FB001454,Shoes,H&M,S
FB001469,Outerwear,Gap,S
FB000341,Bottoms,Mango,S
FB001812,Shoes,Banana Republic,S
FB000344,Shoes,Banana Republic,S
FB002082,Bottoms,Zara,S
FB001764,Outerwear,Uniqlo,S
FB002155,Shoes,Uniqlo,S
FB000122,Bottoms,Gap,S
FB000365,Bottoms,Banana Republic,S
FB001822,Outerwear,Forever21,S
FB000364,Outerwear,Uniqlo,S
FB001470,Bottoms,H&M,S
FB001386,Shoes,Uniqlo,S
FB001767,Outerwear,Zara,S
FB002152,Bottoms,Ann Taylor,S
FB001446,Outerwear,Zara,S
FB001390,Tops,Banana Republic,S
FB001820,Shoes,H&M,S
FB002084,Dresses,Gap,S
FB000132,Bottoms,Mango,S
FB001387,Bottoms,Zara,S
FB001880,Outerwear,Uniqlo,S
FB001363,Tops,Banana Republic,S
FB002090,Outerwear,Gap,S
FB000229,Outerwear,H&M,S
FB001936,Outerwear,Banana Republic,S
FB000013,Bottoms,Ann Taylor,S
FB001732,Tops,Mango,S
FB001888,Bottoms,Ann Taylor,S
FB000053,Shoes,Gap,S
FB000052,Outerwear,Forever21,S
FB001729,Shoes,Banana Republic,S
FB001885,Tops,Mango,S
FB000219,Bottoms,Zara,S
FB000017,Shoes,Gap,S
FB001496,Dresses,H&M,S
FB000081,Tops,Banana Republic,S
FB000041,Tops,Uniqlo,S
FB002111,Shoes,Forever21,S
FB000211,Tops,Ann Taylor,S
FB000523,Dresses,Zara,S
FB001489,Shoes,Zara,S
FB000527,Dresses,Zara,S
FB002057,Shoes,Banana Republic,S
FB001844,Dresses,Mango,S
FB000031,Shoes,Uniqlo,S
FB001416,Bottoms,Zara,S
FB001529,Outerwear,Banana Republic,S
FB000235,Tops,Gap,S
FB001494,Bottoms,Mango,S
FB000231,Shoes,H&M,S
FB000542,Shoes,Gap,S
FB001847,Bottoms,H&M,S
FB000054,Outerwear,Zara,S
FB000204,Outerwear,H&M,S
FB000500,Outerwear,Gap,S
FB000057,Tops,H&M,S
FB000079,Tops,H&M,S
FB000466,Tops,Ann Taylor,S
FB001546,Dresses,Zara,S
FB000470,Outerwear,Uniqlo,S
FB001499,Tops,Forever21,S
FB001427,Bottoms,Mango,S
FB001862,Bottoms,H&M,S
FB001410,Shoes,Mango,S
FB001854,Tops,Ann Taylor,S
FB000477,Tops,Zara,S
FB000481,Shoes,Banana Republic,S
FB000056,Outerwear,Gap,S
FB001788,Tops,Gap,S
FB000482,Dresses,H&M,S
FB001331,Tops,H&M,S
FB000007,Bottoms,Zara,S
FB001733,Shoes,Banana Republic,S
FB000012,Shoes,Uniqlo,S
FB002067,Bottoms,H&M,S
FB000224,Outerwear,Forever21,S
FB000559,Tops,Ann Taylor,S
FB001884,Outerwear,Ann Taylor,S
FB001715,Bottoms,H&M,S
FB001860,Dresses,Ann Taylor,S
FB000485,Tops,Gap,S
FB001835,Shoes,Banana Republic,S
FB002115,Dresses,Banana Republic,S
FB001495,Outerwear,Ann Taylor,S
FB000161,Bottoms,H&M,M
FB001222,Shoes,Mango,M
FB001527,Outerwear,Uniqlo,M
FB001872,Shoes,Gap,M
FB000155,Dresses,H&M,M
FB002141,Shoes,Mango,M
FB002139,Tops,Uniqlo,M
FB000165,Shoes,Zara,M
FB001511,Bottoms,Zara,M
FB000979,Shoes,Forever21,M
FB002125,Shoes,Gap,M
FB001225,Shoes,Ann Taylor,M
FB001431,Dresses,Mango,M
FB000199,Tops,Banana Republic,M
FB000955,Shoes,Zara,M
FB001630,Outerwear,Mango,M
FB000940,Dresses,H&M,M
FB001643,Dresses,H&M,M
FB000957,Dresses,Forever21,M
FB001229,Outerwear,H&M,M
FB000187,Tops,Gap,M
FB002130,Shoes,H&M,M
FB002132,Dresses,H&M,M
FB000963,Shoes,H&M,M
FB001421,Dresses,Gap,M
FB001639,Outerwear,H&M,M
FB000207,Tops,Mango,M
FB000966,Shoes,Ann Taylor,M
FB001645,Tops,H&M,M
FB001237,Bottoms,Zara,M
FB000177,Outerwear,Uniqlo,M
FB000929,Tops,Banana Republic,M
FB002137,Dresses,Zara,M
FB000925,Tops,Ann Taylor,M
FB000212,Tops,Zara,M
FB002119,Bottoms,H&M,M
FB001648,Shoes,Banana Republic,M
FB000175,Dresses,Ann Taylor,M
FB000182,Tops,Gap,M
FB001646,Outerwear,Mango,M
FB001201,Shoes,Mango,M
FB001995,Shoes,Uniqlo,M
FB002167,Shoes,Banana Republic,M
FB000051,Bottoms,H&M,M
FB001109,Tops,Forever21,M
FB001601,Outerwear,Banana Republic,M
FB001974,Bottoms,H&M,M
FB001836,Outerwear,Zara,M
FB000042,Tops,Ann Taylor,M
FB000061,Shoes,Ann Taylor,M
FB000062,Outerwear,Gap,M
FB001832,Shoes,Banana Republic,M
FB001481,Dresses,Banana Republic,M
FB000073,Outerwear,Banana Republic,M
FB001087,Tops,Gap,M
FB001084,Bottoms,Mango,M
FB001096,Outerwear,Banana Republic,M
FB001083,Bottoms,Mango,M
FB001599,Dresses,Ann Taylor,M
FB001124,Bottoms,Forever21,M
FB001849,Bottoms,Banana Republic,M
FB001154,Dresses,H&M,M
FB000015,Tops,Mango,M
FB000019,Outerwear,Mango,M
FB001147,Bottoms,Forever21,M
FB001146,Outerwear,Gap,M
FB001598,Bottoms,Zara,M
FB001140,Dresses,Banana Republic,M
FB000026,Bottoms,Uniqlo,M
FB000028,Bottoms,Gap,M
FB001493,Shoes,H&M,M
FB001130,Outerwear,Zara,M
FB001595,Shoes,Banana Republic,M
FB001173,Shoes,Banana Republic,M
FB001138,Shoes,Uniqlo,M
FB000082,Tops,Ann Taylor,M
FB001829,Shoes,Forever21,M
FB000087,Outerwear,Uniqlo,M
FB001988,Shoes,Ann Taylor,M
FB002149,Outerwear,Banana Republic,M
FB001020,Shoes,Forever21,M
FB001990,Bottoms,Gap,M
FB001210,Outerwear,H&M,M
FB001627,Outerwear,Forever21,M
FB001030,Tops,H&M,M
FB001927,Tops,Uniqlo,M
FB002148,Dresses,Banana Republic,M
FB000142,Outerwear,Gap,M
FB001508,Shoes,Forever21,M
FB001629,Outerwear,Uniqlo,M
FB000995,Shoes,Gap,M
FB000149,Tops,Ann Taylor,M
FB000138,Outerwear,Forever21,M
FB000118,Dresses,Zara,M
FB001961,Shoes,H&M,M
FB001982,Tops,Uniqlo,M
FB000089,Shoes,H&M,M
FB001480,Tops,Gap,M
FB001977,Tops,H&M,M
FB001070,Tops,Mango,M
FB001069,Tops,Banana Republic,M
FB000097,Bottoms,H&M,M
FB001065,Shoes,Forever21,M
FB001618,Outerwear,Forever21,M
FB001962,Outerwear,Uniqlo,M
FB001055,Outerwear,Forever21,M
FB001054,Shoes,Ann Taylor,M
FB000107,Bottoms,Banana Republic,M
FB001047,Outerwear,Ann Taylor,M
FB002157,Dresses,Forever21,M
FB001199,Tops,Ann Taylor,M
FB000152,Shoes,Banana Republic,M
FB001241,Bottoms,H&M,M
FB000565,Shoes,Mango,M
FB001650,Dresses,Forever21,M
FB001681,Shoes,Mango,M
FB001682,Dresses,Gap,M
FB001940,Shoes,H&M,M
FB000616,Bottoms,Banana Republic,M
FB000733,Bottoms,H&M,M
FB002113,Outerwear,Forever21,M
FB000385,Outerwear,Gap,M
FB000394,Bottoms,Mango,M
FB001376,Shoes,Mango,M
FB001371,Bottoms,Ann Taylor,M
FB001753,Shoes,Uniqlo,M
FB001752,Tops,Uniqlo,M
FB000520,Bottoms,Zara,M
FB000626,Bottoms,Mango,M
FB000533,Outerwear,Gap,M
FB000518,Outerwear,H&M,M
FB000383,Outerwear,H&M,M
FB001679,Shoes,Zara,M
FB001704,Tops,Gap,M
FB000608,Dresses,Zara,M
FB000338,Outerwear,H&M,M
FB000342,Bottoms,Ann Taylor,M
FB000343,Shoes,Mango,M
FB000776,Tops,Zara,M
FB001763,Shoes,H&M,M
FB001534,Bottoms,Zara,M
FB001389,Shoes,H&M,M
FB001708,Outerwear,Zara,M
FB000763,Outerwear,Mango,M
FB001384,Dresses,Banana Republic,M
FB001278,Tops,Zara,M
FB002033,Tops,Forever21,M
FB000772,Bottoms,Gap,M
FB000416,Dresses,Ann Taylor,M
FB000418,Shoes,Mango,M
FB000421,Dresses,Mango,M
FB001305,Tops,Gap,M
FB000458,Shoes,Mango,M
FB001351,Outerwear,Ann Taylor,M
FB000461,Dresses,Banana Republic,M
FB000671,Shoes,Mango,M
FB001352,Bottoms,Banana Republic,M
FB000684,Outerwear,Zara,M
FB001548,Outerwear,Gap,M
FB000476,Shoes,Mango,M
FB000660,Shoes,Gap,M
FB001702,Tops,H&M,M
FB000652,Shoes,Ann Taylor,M
FB000491,Dresses,Zara,M
FB000646,Dresses,H&M,M
FB002045,Tops,Ann Taylor,M
FB000450,Bottoms,Banana Republic,M
FB001705,Bottoms,Banana Republic,M
FB000687,Outerwear,Uniqlo,M
FB000628,Outerwear,Zara,M
FB000423,Tops,Mango,M
FB000710,Tops,Zara,M
FB000709,Bottoms,Forever21,M
FB000424,Dresses,Ann Taylor,M
FB001316,Shoes,Banana Republic,M
FB002075,Tops,H&M,M
FB000513,Dresses,H&M,M
FB000433,Bottoms,Forever21,M
FB001745,Dresses,Banana Republic,M
FB000696,Shoes,Uniqlo,M
FB001556,Outerwear,Ann Taylor,M
FB001920,Outerwear,Banana Republic,M
FB002073,Bottoms,Uniqlo,M
FB000507,Bottoms,Banana Republic,M
FB001770,Dresses,H&M,M
FB000326,Dresses,Forever21,M
FB000782,Outerwear,Mango,M
FB000285,Shoes,Ann Taylor,M
FB000581,Dresses,H&M,M
FB000862,Tops,Banana Republic,M
FB000582,Tops,Gap,M
FB001250,Outerwear,Forever21,M
FB001325,Bottoms,Forever21,M
FB002099,Shoes,Mango,M
FB002052,Shoes,Zara,M
FB000855,Dresses,Uniqlo,M
FB000588,Bottoms,Forever21,M
FB001251,Shoes,Mango,M
FB000549,Dresses,Zara,M
FB000273,Dresses,Ann Taylor,M
FB001401,Shoes,Banana Republic,M
FB000845,Bottoms,Zara,M
FB001400,Outerwear,Zara,M
FB002012,Tops,Ann Taylor,M
FB000580,Shoes,H&M,M
FB000579,Tops,Zara,M
FB001411,Dresses,Mango,M
FB000902,Shoes,H&M,M
FB000899,Outerwear,Zara,M
FB000898,Bottoms,Uniqlo,M
FB000571,Tops,Gap,M
FB001419,Bottoms,Uniqlo,M
FB000245,Bottoms,Mango,M
FB001415,Outerwear,Uniqlo,M
FB002096,Bottoms,Gap,M
FB000881,Shoes,Banana Republic,M
FB000576,Bottoms,Ann Taylor,M
FB000879,Bottoms,H&M,M
FB000247,Dresses,Forever21,M
FB000875,Dresses,Zara,M
FB000248,Bottoms,Banana Republic,M
FB000249,Outerwear,Zara,M
FB000558,Dresses,Uniqlo,M
FB000561,Dresses,Ann Taylor,M
FB000325,Outerwear,Banana Republic,M
FB000499,Bottoms,H&M,M
FB002093,Bottoms,Ann Taylor,M
FB000595,Dresses,Banana Republic,M
FB002059,Tops,H&M,M
FB000808,Bottoms,Gap,M
FB000809,Bottoms,Uniqlo,M
FB001563,Bottoms,Zara,M
FB001776,Outerwear,Ann Taylor,M
FB001777,Shoes,Gap,M
FB000814,Dresses,Zara,M
FB000545,Outerwear,Ann Taylor,M
FB001263,Outerwear,Banana Republic,M
FB000598,Dresses,Mango,M
FB000818,Bottoms,H&M,M
FB000306,Shoes,Forever21,M
FB000308,Bottoms,Mango,M
FB002021,Tops,Banana Republic,M
FB001399,Tops,Ann Taylor,M
FB001916,Tops,Ann Taylor,M
FB000295,Shoes,Banana Republic,M
FB001718,Bottoms,Ann Taylor,M
FB002019,Bottoms,Ann Taylor,M
FB001566,Bottoms,Forever21,M
FB000793,Outerwear,Banana Republic,M
FB002087,Shoes,Mango,M
FB000293,Bottoms,Mango,M
FB000291,Tops,Mango,M
FB001780,Dresses,Banana Republic,M
FB002049,Bottoms,Gap,M
FB000601,Bottoms,Zara,M
FB001320,Outerwear,Banana Republic,L
FB001175,Dresses,H&M,L
FB001589,Tops,H&M,L
FB001335,Bottoms,Gap,L
FB001964,Shoes,Zara,L
FB001332,Bottoms,Uniqlo,L
FB001587,Bottoms,Zara,L
FB001504,Dresses,Uniqlo,L
FB001490,Tops,Ann Taylor,L
FB001346,Dresses,H&M,L
FB001318,Shoes,Uniqlo,L
FB001492,Outerwear,Uniqlo,L
FB001559,Tops,H&M,L
FB001555,Tops,Gap,L
FB001509,Shoes,Forever21,L
FB001266,Bottoms,Mango,L
FB001459,Tops,H&M,L
FB001959,Bottoms,Zara,L
FB001512,Tops,Forever21,L
FB001397,Shoes,Ann Taylor,L
FB001257,Shoes,H&M,L
FB001953,Outerwear,Banana Republic,L
FB001403,Tops,H&M,L
FB001267,Outerwear,Zara,L
FB001517,Shoes,H&M,L
FB001435,Dresses,Ann Taylor,L
FB001523,Outerwear,Banana Republic,L
FB001409,Dresses,Ann Taylor,L
FB001236,Outerwear,Ann Taylor,L
FB001426,Shoes,Mango,L
FB001413,Tops,H&M,L
FB001524,Shoes,Banana Republic,L
FB001568,Dresses,Banana Republic,L
FB001240,Bottoms,Uniqlo,L
FB001408,Tops,Mango,L
FB001465,Outerwear,Uniqlo,L
FB001268,Bottoms,Banana Republic,L
FB001269,Bottoms,Uniqlo,L
FB001306,Bottoms,Forever21,L
FB001944,Shoes,H&M,L
FB001187,Outerwear,Ann Taylor,L
FB001368,Tops,Ann Taylor,L
FB001580,Bottoms,Banana Republic,L
FB001478,Tops,Ann Taylor,L
FB001506,Shoes,Uniqlo,L
FB001194,Shoes,H&M,L
FB001293,Bottoms,Uniqlo,L
FB001292,Shoes,Banana Republic,L
FB001196,Dresses,Zara,L
FB001474,Shoes,Mango,L
FB001473,Bottoms,Zara,L
FB001378,Bottoms,Uniqlo,L
FB001925,Bottoms,Forever21,L
FB001284,Bottoms,Gap,L
FB001561,Tops,H&M,L
FB001388,Bottoms,Forever21,L
FB001273,Outerwear,Mango,L
FB001211,Shoes,Forever21,L
FB001577,Outerwear,Mango,L
FB001935,Outerwear,H&M,L
FB000923,Outerwear,Ann Taylor,L
FB000749,Bottoms,Forever21,L
FB001149,Bottoms,Forever21,L
FB000432,Shoes,Mango,L
FB000422,Tops,Uniqlo,L
FB000413,Outerwear,Ann Taylor,L
FB001877,Tops,Gap,L
FB001756,Shoes,Ann Taylor,L
FB000400,Outerwear,Zara,L
FB000398,Dresses,Forever21,L
FB000396,Tops,Zara,L
FB000390,Shoes,Forever21,L
FB000387,Tops,Uniqlo,L
FB001760,Bottoms,Mango,L
FB000368,Tops,Ann Taylor,L
FB000367,Outerwear,Banana Republic,L
FB000363,Shoes,Mango,L
FB000360,Tops,H&M,L
FB000359,Dresses,Forever21,L
FB000355,Dresses,Forever21,L
FB001768,Dresses,H&M,L
FB000346,Tops,H&M,L
FB000331,Outerwear,Gap,L
FB000318,Dresses,H&M,L
FB000311,Bottoms,H&M,L
FB000310,Outerwear,Mango,L
FB002091,Bottoms,Forever21,L
FB000301,Tops,Mango,L
FB000437,Bottoms,Ann Taylor,L
FB000276,Bottoms,H&M,L
FB000438,Outerwear,H&M,L
FB000441,Shoes,Uniqlo,L
FB000584,Bottoms,Zara,L
FB000563,Bottoms,Forever21,L
FB000562,Shoes,Uniqlo,L
FB000560,Bottoms,Mango,L
FB000553,Dresses,Zara,L
FB000551,Bottoms,Banana Republic,L
FB000544,Shoes,Uniqlo,L
FB001887,Shoes,Uniqlo,L
FB000539,Shoes,Mango,L
FB001165,Bottoms,Forever21,L
FB000538,Outerwear,Uniqlo,L
FB002060,Shoes,H&M,L
FB000536,Bottoms,Zara,L
FB000534,Bottoms,H&M,L
FB000525,Tops,Mango,L
FB000522,Bottoms,H&M,L
FB001730,Dresses,Gap,L
FB002064,Shoes,Uniqlo,L
FB000501,Bottoms,Forever21,L
FB000497,Outerwear,Ann Taylor,L
FB000475,Outerwear,Zara,L
FB000474,Shoes,Gap,L
FB000468,Tops,Ann Taylor,L
FB000447,Dresses,H&M,L
FB000444,Outerwear,Banana Republic,L
FB000439,Shoes,Mango,L
FB002097,Shoes,Uniqlo,L
FB002098,Outerwear,Banana Republic,L
FB001782,Shoes,Gap,L
FB001817,Bottoms,Ann Taylor,L
FB000150,Shoes,Banana Republic,L
FB000147,Tops,Zara,L
FB000145,Outerwear,Zara,L
FB000144,Tops,H&M,L
FB001866,Shoes,Gap,L
FB000140,Shoes,Uniqlo,L
FB000136,Tops,Gap,L
FB000120,Outerwear,Zara,L
FB000111,Outerwear,Uniqlo,L
FB000104,Bottoms,Uniqlo,L
FB000101,Bottoms,Zara,L
FB000100,Tops,Gap,L
FB002162,Shoes,Zara,L
FB000047,Shoes,Mango,L
FB001841,Bottoms,Uniqlo,L
FB000038,Dresses,Banana Republic,L
FB000032,Tops,Gap,L
FB000029,Dresses,Ann Taylor,L
FB000027,Bottoms,Banana Republic,L
FB000021,Bottoms,Mango,L
FB000018,Tops,Ann Taylor,L
FB000011,Tops,Mango,L
FB002173,Dresses,Banana Republic,L
FB000002,Tops,Uniqlo,L
FB002144,Bottoms,Gap,L
FB000154,Outerwear,Zara,L
FB001815,Bottoms,Zara,L
FB001867,Tops,H&M,L
FB001785,Outerwear,H&M,L
FB000253,Tops,H&M,L
FB000252,Outerwear,H&M,L
FB000251,Outerwear,Banana Republic,L
FB000246,Outerwear,Uniqlo,L
FB002106,Tops,Mango,L
FB000239,Shoes,Forever21,L
FB002110,Shoes,Zara,L
FB002118,Bottoms,Zara,L
FB000213,Tops,Uniqlo,L
FB002120,Tops,Banana Republic,L
FB001870,Dresses,H&M,L
FB000585,Outerwear,Uniqlo,L
FB001801,Bottoms,Zara,L
FB000198,Shoes,Uniqlo,L
FB002122,Bottoms,Zara,L
FB002123,Outerwear,Ann Taylor,L
FB002124,Outerwear,Banana Republic,L
FB001802,Outerwear,H&M,L
FB002127,Tops,Banana Republic,L
FB000189,Dresses,Zara,L
FB002128,Outerwear,Gap,L
FB000185,Dresses,Zara,L
FB001806,Shoes,Zara,L
FB001809,Tops,H&M,L
FB002142,Tops,Mango,L
FB002121,Tops,Mango,L
FB002050,Dresses,Mango,L
FB001501,Outerwear,H&M,L
FB000599,Shoes,H&M,L
FB001856,Bottoms,Mango,L
FB000921,Bottoms,Uniqlo,L
FB000916,Bottoms,H&M,L
FB001649,Shoes,Zara,L
FB002010,Dresses,H&M,L
FB000900,Outerwear,Uniqlo,L
FB001710,Bottoms,Mango,L
FB000891,Shoes,Ann Taylor,L
FB001651,Dresses,Uniqlo,L
FB000880,Bottoms,Mango,L
FB001082,Outerwear,Forever21,L
FB000871,Dresses,Ann Taylor,L
FB000861,Dresses,Zara,L
FB001659,Tops,Banana Republic,L
FB000849,Tops,Gap,L
FB000843,Outerwear,Uniqlo,L
FB002017,Shoes,Zara,L
FB000833,Bottoms,Gap,L
FB001981,Bottoms,Forever21,L
FB000820,Bottoms,Zara,L
FB000815,Bottoms,Ann Taylor,L
FB000932,Bottoms,Ann Taylor,L
FB001665,Tops,Gap,L
FB002005,Dresses,H&M,L
FB000945,Dresses,Mango,L
FB001035,Outerwear,Forever21,L
FB001985,Tops,Mango,L
FB001986,Tops,H&M,L
FB001027,Outerwear,Gap,L
FB001979,Outerwear,Forever21,L
FB001025,Bottoms,Ann Taylor,L
FB001017,Dresses,Gap,L
FB001903,Tops,Gap,L
FB001060,Tops,Forever21,L
FB001011,Dresses,Zara,L
FB001004,Outerwear,Mango,L
FB001002,Tops,Forever21,L
FB001066,Tops,Ann Taylor,L
FB000983,Outerwear,H&M,L
FB000982,Outerwear,Banana Republic,L
FB000976,Shoes,Banana Republic,L
FB001077,Tops,Uniqlo,L
FB001079,Dresses,Mango,L
FB000969,Tops,Zara,L
FB002002,Dresses,Zara,L
FB000951,Outerwear,Forever21,L
FB002004,Dresses,Uniqlo,L
FB001666,Bottoms,Forever21,L
FB000825,Shoes,Gap,L
FB002026,Tops,Forever21,L
FB001895,Shoes,Banana Republic,L
FB001689,Dresses,Ann Taylor,L
FB001970,Tops,Banana Republic,L
FB000712,Outerwear,Banana Republic,L
FB001125,Shoes,Banana Republic,L
FB000700,Tops,H&M,L
FB001127,Dresses,Gap,L
FB002043,Outerwear,Forever21,L
FB000686,Dresses,Ann Taylor,L
FB002044,Shoes,Banana Republic,L
FB000673,Bottoms,Banana Republic,L
FB000667,Tops,H&M,L
FB000657,Dresses,Mango,L
FB000647,Dresses,H&M,L
FB000641,Dresses,Mango,L
FB000639,Bottoms,Zara,L
FB000638,Shoes,Zara,L
FB001890,Shoes,Banana Republic,L
FB001133,Outerwear,Uniqlo,L
FB001141,Outerwear,Banana Republic,L
FB001144,Tops,Zara,L
FB000603,Bottoms,Banana Republic,L
FB000600,Outerwear,Mango,L
FB001891,Bottoms,Forever21,L
FB001686,Bottoms,Banana Republic,L
FB000717,Outerwear,Forever21,L
FB000724,Tops,Mango,L
FB001972,Dresses,Zara,L
FB001113,Shoes,Zara,L
FB000769,Tops,Uniqlo,L
FB001672,Shoes,Gap,L
FB000767,Bottoms,H&M,L
FB000766,Bottoms,Gap,L
FB000765,Shoes,H&M,L
FB000758,Dresses,H&M,L
FB000721,Tops,Uniqlo,L
FB001053,Outerwear,Mango,L
FB000744,Tops,H&M,L
FB002035,Shoes,Banana Republic,L
FB001683,Tops,Banana Republic,L
FB001892,Outerwear,Forever21,L
FB001114,Shoes,Forever21,L
FB001500,Shoes,Banana Republic,L
FB001819,Dresses,Mango,XL
FB001846,Dresses,Gap,XL
FB001505,Bottoms,Ann Taylor,XL
FB001840,Shoes,Zara,XL
FB001579,Tops,Gap,XL
FB001837,Tops,Mango,XL
FB001605,Dresses,Uniqlo,XL
FB001612,Bottoms,Banana Republic,XL
FB001864,Bottoms,Banana Republic,XL
FB001597,Outerwear,H&M,XL
FB001609,Tops,Uniqlo,XL
FB001583,Dresses,Gap,XL
FB001843,Shoes,Gap,XL
FB001824,Dresses,Forever21,XL
FB001905,Tops,Mango,XL
FB001784,Outerwear,Forever21,XL
FB001904,Bottoms,Gap,XL
FB001713,Dresses,Uniqlo,XL
FB001889,Tops,Mango,XL
FB001707,Dresses,H&M,XL
FB001558,Dresses,Ann Taylor,XL
FB001727,Dresses,Mango,XL
FB001549,Dresses,Gap,XL
FB001731,Tops,Banana Republic,XL
FB001740,Tops,Gap,XL
FB001685,Shoes,Forever21,XL
FB001562,Shoes,Gap,XL
FB001746,Outerwear,Ann Taylor,XL
FB001893,Outerwear,Banana Republic,XL
FB001757,Shoes,H&M,XL
FB001670,Outerwear,Mango,XL
FB001894,Shoes,H&M,XL
FB001662,Outerwear,Ann Taylor,XL
FB001774,Tops,Uniqlo,XL
FB001661,Tops,H&M,XL
FB001779,Dresses,Forever21,XL
FB001781,Dresses,Ann Taylor,XL
FB001874,Dresses,Banana Republic,XL
FB001796,Outerwear,Gap,XL
FB001902,Tops,Zara,XL
FB001635,Tops,Gap,XL
FB001520,Bottoms,Banana Republic,XL
FB001632,Tops,Forever21,XL
FB001518,Bottoms,Ann Taylor,XL
FB001516,Dresses,H&M,XL
FB001813,Outerwear,Zara,XL
FB001620,Shoes,Gap,XL
FB001552,Dresses,Zara,XL
FB000001,Outerwear,Zara,XL
FB001487,Shoes,Banana Republic,XL
FB000540,Tops,Ann Taylor,XL
FB000535,Shoes,Ann Taylor,XL
FB000528,Outerwear,Ann Taylor,XL
FB000516,Bottoms,Banana Republic,XL
FB000510,Dresses,Banana Republic,XL
FB000509,Bottoms,Mango,XL
FB000505,Dresses,Ann Taylor,XL
FB000503,Bottoms,Gap,XL
FB002066,Bottoms,Zara,XL
FB000487,Shoes,Banana Republic,XL
FB000479,Dresses,Zara,XL
FB000464,Bottoms,H&M,XL
FB002068,Tops,H&M,XL
FB000455,Tops,Ann Taylor,XL
FB002071,Dresses,Mango,XL
FB000452,Tops,Zara,XL
FB000436,Shoes,Banana Republic,XL
FB000435,Shoes,Zara,XL
FB000429,Dresses,Banana Republic,XL
FB000426,Tops,Forever21,XL
FB000425,Outerwear,Banana Republic,XL
FB002077,Outerwear,Ann Taylor,XL
FB002078,Shoes,Uniqlo,XL
FB000412,Shoes,Banana Republic,XL
FB000407,Shoes,H&M,XL
FB000406,Tops,Zara,XL
FB000401,Dresses,Ann Taylor,XL
FB000541,Dresses,H&M,XL
FB000391,Dresses,Gap,XL
FB000554,Bottoms,Gap,XL
FB000573,Tops,H&M,XL
FB000791,Outerwear,Banana Republic,XL
FB000789,Dresses,H&M,XL
FB000786,Outerwear,Gap,XL
FB000768,Dresses,Forever21,XL
FB000756,Outerwear,Uniqlo,XL
FB001497,Shoes,Zara,XL
FB000741,Dresses,Uniqlo,XL
FB000740,Tops,Zara,XL
FB002037,Dresses,Uniqlo,XL
FB002039,Tops,Uniqlo,XL
FB000732,Dresses,Mango,XL
FB000720,Tops,Uniqlo,XL
FB000719,Outerwear,Uniqlo,XL
FB000716,Dresses,Uniqlo,XL
FB002041,Dresses,Ann Taylor,XL
FB000691,Tops,H&M,XL
FB000690,Bottoms,Ann Taylor,XL
FB000669,Dresses,Banana Republic,XL
FB000668,Bottoms,Ann Taylor,XL
FB000645,Outerwear,Gap,XL
FB000637,Tops,Uniqlo,XL
FB000629,Bottoms,Uniqlo,XL
FB000619,Dresses,Mango,XL
FB000611,Bottoms,Zara,XL
FB000610,Bottoms,Mango,XL
FB000597,Shoes,Uniqlo,XL
FB000583,Tops,Uniqlo,XL
FB000566,Shoes,Mango,XL
FB000386,Dresses,Banana Republic,XL
FB000376,Tops,Forever21,XL
FB000375,Tops,Uniqlo,XL
FB000133,Tops,Mango,XL
FB000131,Dresses,Banana Republic,XL
FB002151,Dresses,H&M,XL
FB002154,Tops,Gap,XL
FB002156,Bottoms,Gap,XL
FB000108,Bottoms,H&M,XL
FB000106,Bottoms,Banana Republic,XL
FB000085,Outerwear,Ann Taylor,XL
FB000076,Outerwear,Gap,XL
FB000071,Shoes,Ann Taylor,XL
FB000070,Tops,Zara,XL
FB000068,Tops,Forever21,XL
FB002164,Shoes,H&M,XL
FB000058,Bottoms,Zara,XL
FB000049,Bottoms,Forever21,XL
FB000046,Dresses,Uniqlo,XL
FB000044,Shoes,Zara,XL
FB002171,Tops,Uniqlo,XL
FB000034,Tops,Banana Republic,XL
FB000033,Shoes,Zara,XL
FB000030,Shoes,Gap,XL
FB000024,Dresses,Banana Republic,XL
FB002172,Tops,Mango,XL
FB000009,Outerwear,Uniqlo,XL
FB000008,Dresses,Mango,XL
FB000005,Tops,Banana Republic,XL
FB000004,Shoes,Uniqlo,XL
FB000143,Shoes,Forever21,XL
FB000151,Tops,Ann Taylor,XL
FB000156,Tops,Banana Republic,XL
FB000166,Shoes,Gap,XL
FB000372,Outerwear,Zara,XL
FB000369,Bottoms,Gap,XL
FB000356,Shoes,Banana Republic,XL
FB000352,Bottoms,H&M,XL
FB000340,Shoes,Ann Taylor,XL
FB000333,Bottoms,Mango,XL
FB000324,Dresses,Mango,XL
FB000313,Dresses,Banana Republic,XL
FB000304,Bottoms,Mango,XL
FB000303,Bottoms,Mango,XL
FB000287,Outerwear,Mango,XL
FB000275,Outerwear,Uniqlo,XL
FB002100,Bottoms,Forever21,XL
FB000800,Outerwear,Forever21,XL
FB000262,Dresses,H&M,XL
FB000259,Shoes,Banana Republic,XL
FB000254,Shoes,H&M,XL
FB002109,Dresses,H&M,XL
FB000225,Dresses,Gap,XL
FB000223,Outerwear,H&M,XL
FB002117,Shoes,Zara,XL
FB000217,Outerwear,Uniqlo,XL
FB000208,Tops,Ann Taylor,XL
FB000202,Shoes,Zara,XL
FB000194,Dresses,Gap,XL
FB000183,Tops,Banana Republic,XL
FB000174,Shoes,Banana Republic,XL
FB002138,Bottoms,Forever21,XL
FB000261,Outerwear,Forever21,XL
FB000801,Tops,Mango,XL
FB000751,Dresses,Banana Republic,XL
FB000811,Dresses,Ann Taylor,XL
FB001420,Tops,Zara,XL
FB001203,Outerwear,Banana Republic,XL
FB001195,Outerwear,Zara,XL
FB001424,Shoes,Uniqlo,XL
FB001180,Shoes,H&M,XL
FB001178,Dresses,Banana Republic,XL
FB001425,Tops,Ann Taylor,XL
FB001177,Dresses,Zara,XL
FB001174,Tops,Ann Taylor,XL
FB000802,Tops,Banana Republic,XL
FB001171,Shoes,Ann Taylor,XL
FB001162,Dresses,Zara,XL
FB001150,Tops,Banana Republic,XL
FB001148,Tops,Uniqlo,XL
FB001134,Shoes,H&M,XL
FB001969,Dresses,Zara,XL
FB001428,Tops,Zara,XL
FB001126,Shoes,Uniqlo,XL
FB001121,Dresses,Mango,XL
FB001120,Shoes,Zara,XL
FB001119,Dresses,Uniqlo,XL
FB001117,Dresses,Ann Taylor,XL
FB001108,Bottoms,Forever21,XL
FB001218,Shoes,H&M,XL
FB001226,Shoes,Banana Republic,XL
FB001417,Outerwear,Forever21,XL
FB001233,Tops,Gap,XL
FB001365,Shoes,Gap,XL
FB001380,Bottoms,Mango,XL
FB001360,Bottoms,Zara,XL
FB001358,Outerwear,Banana Republic,XL
FB001356,Outerwear,Mango,XL
FB001349,Bottoms,Forever21,XL
FB001345,Dresses,H&M,XL
FB001395,Tops,Gap,XL
FB001334,Outerwear,Banana Republic,XL
FB001314,Dresses,Banana Republic,XL
FB001309,Shoes,H&M,XL
FB001369,Shoes,H&M,XL
FB001945,Bottoms,Zara,XL
FB001947,Shoes,Banana Republic,XL
FB001283,Tops,H&M,XL
FB001279,Tops,H&M,XL
FB001950,Dresses,Zara,XL
FB001260,Dresses,Mango,XL
FB001932,Tops,Uniqlo,XL
FB001412,Bottoms,Mango,XL
FB001954,Tops,Banana Republic,XL
FB001248,Outerwear,Forever21,XL
FB001956,Outerwear,H&M,XL
FB001244,Dresses,Zara,XL
FB001298,Shoes,Gap,XL
FB001100,Shoes,Ann Taylor,XL
FB001102,Dresses,H&M,XL
FB001430,Tops,Mango,XL
FB001462,Bottoms,Forever21,XL
FB000956,Outerwear,Uniqlo,XL
FB001928,Dresses,Gap,XL
FB000944,Outerwear,Forever21,XL
FB001467,Bottoms,Banana Republic,XL
FB001477,Shoes,Forever21,XL
FB000924,Bottoms,Zara,XL
FB000918,Bottoms,Uniqlo,XL
FB002009,Outerwear,Banana Republic,XL
FB000906,Bottoms,Mango,XL
FB000890,Bottoms,Forever21,XL
FB000885,Bottoms,Mango,XL
FB000883,Outerwear,Ann Taylor,XL
FB000868,Bottoms,Zara,XL
FB000860,Bottoms,Uniqlo,XL
FB000854,Dresses,Uniqlo,XL
FB000850,Shoes,Ann Taylor,XL
FB000848,Bottoms,H&M,XL
FB001485,Dresses,Banana Republic,XL
FB000839,Bottoms,Zara,XL
FB000829,Shoes,Ann Taylor,XL
FB000824,Bottoms,Forever21,XL
FB000812,Tops,Mango,XL
FB001095,Outerwear,Mango,XL
FB001453,Tops,Ann Taylor,XL
FB002001,Dresses,Forever21,XL
FB000984,Shoes,H&M,XL
FB001094,Dresses,H&M,XL
FB001093,Dresses,Mango,XL
FB002175,Bottoms,Ann Taylor,XL
FB001436,Shoes,Mango,XL
FB001437,Dresses,Banana Republic,XL
FB001078,Shoes,Forever21,XL
FB001075,Shoes,Gap,XL
FB001073,Bottoms,Forever21,XL
FB001068,Shoes,Zara,XL
FB001064,Shoes,H&M,XL
FB000972,Dresses,Mango,XL
FB001978,Dresses,Ann Taylor,XL
FB001441,Bottoms,Banana Republic,XL
FB001049,Tops,Gap,XL
FB001448,Outerwear,Zara,XL
FB000985,Bottoms,Zara,XL
FB000987,Outerwear,Uniqlo,XL
FB000996,Dresses,Ann Taylor,XL
FB001050,Dresses,Banana Republic,XL
FB000998,Outerwear,Ann Taylor,XL
FB001377,Bottoms,Forever21,XL
FB001992,Tops,Zara,XL
FB001028,Outerwear,H&M,XL
FB001032,Dresses,Banana Republic,XL
FB001043,Bottoms,Zara,XL
FB001014,Shoes,Mango,XL
FB002159,Dresses,Gap,XXL
FB002161,Dresses,Mango,XXL
FB001933,Shoes,Uniqlo,XXL
FB001929,Bottoms,Uniqlo,XXL
FB002160,Outerwear,Zara,XXL
FB002079,Shoes,Gap,XXL
FB001917,Outerwear,Zara,XXL
FB002031,Dresses,Ann Taylor,XXL
FB002008,Dresses,Ann Taylor,XXL
FB002007,Dresses,Banana Republic,XXL
FB002046,Dresses,Ann Taylor,XXL
FB001900,Shoes,Banana Republic,XXL
FB002000,Bottoms,H&M,XXL
FB001999,Dresses,Mango,XXL
FB002051,Shoes,Banana Republic,XXL
FB002061,Outerwear,Banana Republic,XXL
FB001907,Tops,Zara,XXL
FB002070,Shoes,H&M,XXL
FB001879,Dresses,Forever21,XXL
FB001878,Outerwear,Ann Taylor,XXL
FB002083,Shoes,Gap,XXL
FB001963,Dresses,Mango,XXL
FB001960,Bottoms,Forever21,XXL
FB002094,Bottoms,Mango,XXL
FB001951,Shoes,Banana Republic,XXL
FB002101,Tops,Forever21,XXL
FB001868,Tops,Banana Republic,XXL
FB001938,Outerwear,H&M,XXL
FB002140,Tops,Mango,XXL
FB002143,Outerwear,Forever21,XXL
FB001934,Tops,Forever21,XXL
FB001859,Dresses,Gap,XXL
FB001080,Bottoms,Gap,XXL
FB001850,Bottoms,H&M,XXL
FB000594,Bottoms,Ann Taylor,XXL
FB000593,Tops,H&M,XXL
FB000586,Tops,Zara,XXL
FB000577,Outerwear,H&M,XXL
FB000552,Shoes,Forever21,XXL
FB000543,Shoes,Gap,XXL
FB000537,Outerwear,Gap,XXL
FB000504,Dresses,Mango,XXL
FB000502,Outerwear,Gap,XXL
FB000498,Bottoms,Forever21,XXL
FB000495,Outerwear,Zara,XXL
FB000493,Dresses,Forever21,XXL
FB000604,Dresses,H&M,XXL
FB000463,Outerwear,Banana Republic,XXL
FB000453,Bottoms,Forever21,XXL
FB000448,Outerwear,Zara,XXL
FB000428,Bottoms,Zara,XXL
FB000419,Outerwear,Gap,XXL
FB000417,Tops,Zara,XXL
FB000415,Dresses,H&M,XXL
FB000373,Shoes,Forever21,XXL
FB000371,Outerwear,Banana Republic,XXL
FB000362,Bottoms,Gap,XXL
FB000348,Tops,Uniqlo,XXL
FB000337,Bottoms,Zara,XXL
FB000322,Dresses,Uniqlo,XXL
FB000456,Bottoms,Mango,XXL
FB000612,Outerwear,Ann Taylor,XXL
FB000620,Shoes,Forever21,XXL
FB000655,Bottoms,Mango,XXL
FB000907,Shoes,H&M,XXL
FB000867,Bottoms,Ann Taylor,XXL
FB000866,Outerwear,Gap,XXL
FB000857,Tops,Mango,XXL
FB000847,Dresses,Banana Republic,XXL
FB000837,Shoes,H&M,XXL
FB000832,Tops,Uniqlo,XXL
FB000828,Bottoms,H&M,XXL
FB000821,Bottoms,Ann Taylor,XXL
FB000813,Bottoms,Zara,XXL
FB000799,Bottoms,Forever21,XXL
FB000798,Outerwear,Ann Taylor,XXL
FB000795,Shoes,Zara,XXL
FB000778,Dresses,Mango,XXL
FB000777,Bottoms,Banana Republic,XXL
FB000761,Bottoms,Zara,XXL
FB000752,Outerwear,H&M,XXL
FB000747,Outerwear,Ann Taylor,XXL
FB000739,Bottoms,Ann Taylor,XXL
FB000738,Dresses,Forever21,XXL
FB000737,Bottoms,Banana Republic,XXL
FB000715,Outerwear,Zara,XXL
FB000713,Tops,Banana Republic,XXL
FB000706,Bottoms,Mango,XXL
FB000693,Tops,Ann Taylor,XXL
FB000677,Outerwear,Banana Republic,XXL
FB000664,Bottoms,H&M,XXL
FB000314,Tops,Zara,XXL
FB000312,Dresses,Forever21,XXL
FB000305,Tops,Zara,XXL
FB000302,Shoes,H&M,XXL
FB000176,Tops,Ann Taylor,XXL
FB000170,Shoes,Banana Republic,XXL
FB000169,Dresses,Forever21,XXL
FB000163,Bottoms,Gap,XXL
FB000160,Bottoms,Mango,XXL
FB000158,Shoes,Mango,XXL
FB000157,Outerwear,H&M,XXL
FB000153,Dresses,Zara,XXL
FB000148,Bottoms,Banana Republic,XXL
FB000139,Bottoms,Zara,XXL
FB000128,Shoes,Ann Taylor,XXL
FB000127,Shoes,Ann Taylor,XXL
FB000126,Dresses,Gap,XXL
FB000123,Outerwear,Zara,XXL
FB000121,Shoes,Uniqlo,XXL
FB000116,Tops,Zara,XXL
FB000114,Tops,Mango,XXL
FB000098,Bottoms,Ann Taylor,XXL
FB000090,Bottoms,H&M,XXL
FB000077,Dresses,Mango,XXL
FB000072,Outerwear,Mango,XXL
FB000060,Shoes,Mango,XXL
FB000045,Tops,Banana Republic,XXL
FB000037,Bottoms,Banana Republic,XXL
FB000036,Tops,Uniqlo,XXL
FB000020,Outerwear,Banana Republic,XXL
FB000010,Outerwear,H&M,XXL
FB000178,Shoes,Mango,XXL
FB000909,Shoes,Forever21,XXL
FB000184,Tops,Mango,XXL
FB000188,Tops,Uniqlo,XXL
FB000299,Dresses,Gap,XXL
FB000296,Shoes,Zara,XXL
FB000279,Outerwear,Mango,XXL
FB000274,Tops,Gap,XXL
FB000272,Bottoms,Mango,XXL
FB000265,Bottoms,Zara,XXL
FB000263,Outerwear,Banana Republic,XXL
FB000258,Outerwear,H&M,XXL
FB000256,Bottoms,Forever21,XXL
FB000244,Shoes,Uniqlo,XXL
FB000242,Dresses,Forever21,XXL
FB000236,Bottoms,Zara,XXL
FB000227,Dresses,Uniqlo,XXL
FB000226,Outerwear,Forever21,XXL
FB000222,Tops,Zara,XXL
FB000220,Dresses,Zara,XXL
FB000218,Tops,Zara,XXL
FB000216,Tops,H&M,XXL
FB000215,Bottoms,H&M,XXL
FB000209,Tops,Forever21,XXL
FB000200,Tops,H&M,XXL
FB000197,Bottoms,Ann Taylor,XXL
FB000196,Dresses,Zara,XXL
FB000195,Shoes,Banana Republic,XXL
FB000193,Outerwear,Gap,XXL
FB000191,Bottoms,Uniqlo,XXL
FB000190,Bottoms,Uniqlo,XXL
FB000186,Bottoms,Zara,XXL
FB000927,Outerwear,Zara,XXL
FB000934,Outerwear,Uniqlo,XXL
FB000937,Shoes,Uniqlo,XXL
FB001644,Tops,Uniqlo,XXL
FB001641,Outerwear,Ann Taylor,XXL
FB001637,Tops,Banana Republic,XXL
FB001636,Outerwear,Uniqlo,XXL
FB001626,Shoes,Ann Taylor,XXL
FB001625,Tops,Zara,XXL
FB001617,Shoes,Forever21,XXL
FB001613,Dresses,Banana Republic,XXL
FB001606,Dresses,Mango,XXL
FB001594,Tops,Uniqlo,XXL
FB001592,Bottoms,Banana Republic,XXL
FB001591,Bottoms,Forever21,XXL
FB001584,Bottoms,Mango,XXL
FB001572,Outerwear,Mango,XXL
FB001565,Bottoms,Mango,XXL
FB001540,Dresses,Ann Taylor,XXL
FB001538,Tops,Banana Republic,XXL
FB001536,Dresses,Zara,XXL
FB001507,Bottoms,Forever21,XXL
FB001486,Tops,Zara,XXL
FB001471,Shoes,Banana Republic,XXL
FB001468,Shoes,Banana Republic,XXL
FB001464,Bottoms,H&M,XXL
FB001456,Tops,Ann Taylor,XXL
FB001452,Shoes,Mango,XXL
FB001444,Tops,Gap,XXL
FB001402,Tops,Banana Republic,XXL
FB001647,Outerwear,H&M,XXL
FB001391,Dresses,Gap,XXL
FB001663,Bottoms,Ann Taylor,XXL
FB001669,Tops,Zara,XXL
FB001833,Bottoms,H&M,XXL
FB001831,Dresses,Ann Taylor,XXL
FB001828,Bottoms,Ann Taylor,XXL
FB001823,Tops,H&M,XXL
FB001818,Shoes,H&M,XXL
FB001814,Shoes,Gap,XXL
FB001803,Dresses,Gap,XXL
FB001800,Bottoms,Forever21,XXL
FB001797,Dresses,Mango,XXL
FB001795,Dresses,Ann Taylor,XXL
FB001787,Outerwear,Banana Republic,XXL
FB001766,Bottoms,Forever21,XXL
FB001759,Shoes,Forever21,XXL
FB001755,Tops,Uniqlo,XXL
FB001754,Dresses,Mango,XXL
FB001743,Shoes,Mango,XXL
FB001738,Bottoms,Banana Republic,XXL
FB001734,Shoes,Uniqlo,XXL
FB001726,Shoes,Uniqlo,XXL
FB001721,Bottoms,Banana Republic,XXL
FB001717,Bottoms,Ann Taylor,XXL
FB001716,Shoes,H&M,XXL
FB001709,Tops,Forever21,XXL
FB001706,Bottoms,Zara,XXL
FB001687,Dresses,Ann Taylor,XXL
FB001684,Tops,Uniqlo,XXL
FB001671,Dresses,Gap,XXL
FB001668,Shoes,H&M,XXL
FB001857,Bottoms,Mango,XXL
FB001361,Dresses,Forever21,XXL
FB001353,Tops,Uniqlo,XXL
FB001105,Bottoms,Gap,XXL
FB001089,Outerwear,Banana Republic,XXL
FB001072,Bottoms,Zara,XXL
FB001057,Outerwear,H&M,XXL
FB001056,Outerwear,Zara,XXL
FB001040,Outerwear,Forever21,XXL
FB001039,Tops,Mango,XXL
FB001037,Tops,Gap,XXL
FB001036,Tops,Zara,XXL
FB001034,Tops,Banana Republic,XXL
FB001029,Tops,Forever21,XXL
FB001026,Shoes,Gap,XXL
FB001019,Tops,Mango,XXL
FB001018,Tops,Forever21,XXL
FB001015,Bottoms,Ann Taylor,XXL
FB001013,Outerwear,H&M,XXL
FB001010,Dresses,Mango,XXL
FB000989,Shoes,Gap,XXL
FB000986,Bottoms,Zara,XXL
FB000977,Bottoms,Uniqlo,XXL
FB000971,Bottoms,Forever21,XXL
FB000965,Shoes,Mango,XXL
FB000964,Tops,Mango,XXL
FB000958,Bottoms,Mango,XXL
FB000947,Bottoms,Zara,XXL
FB000943,Shoes,Forever21,XXL
FB000939,Tops,Ann Taylor,XXL
FB001107,Outerwear,Uniqlo,XXL
FB001355,Tops,Banana Republic,XXL
FB001111,Outerwear,Banana Republic,XXL
FB001129,Bottoms,Forever21,XXL
FB001350,Outerwear,Mango,XXL
FB001340,Shoes,Banana Republic,XXL
FB001338,Shoes,Ann Taylor,XXL
FB001319,Tops,Gap,XXL
FB001315,Bottoms,H&M,XXL
FB001313,Shoes,Uniqlo,XXL
FB001304,Tops,Ann Taylor,XXL
FB001303,Dresses,Mango,XXL
FB001295,Tops,H&M,XXL
FB001285,Bottoms,Mango,XXL
FB001282,Bottoms,Zara,XXL
FB001265,Tops,Uniqlo,XXL
FB001259,Outerwear,Ann Taylor,XXL
FB001254,Tops,Zara,XXL
FB001253,Bottoms,Forever21,XXL
FB001249,Shoes,Uniqlo,XXL
FB001247,Dresses,Uniqlo,XXL
FB001246,Dresses,Banana Republic,XXL
FB001223,Bottoms,Zara,XXL
FB001221,Tops,Zara,XXL
FB001212,Shoes,Ann Taylor,XXL
FB001200,Tops,Forever21,XXL
FB001193,Outerwear,Mango,XXL
FB001191,Outerwear,Uniqlo,XXL
FB001169,Outerwear,Uniqlo,XXL
FB001167,Bottoms,Mango,XXL
FB001143,Dresses,Mango,XXL
FB001116,Tops,Banana Republic,XXL
FB002176,Shoes,Ann Taylor,XXL
FB000003,Accessories,Uniqlo,
FB000006,Accessories,Zara,
FB000016,Accessories,Mango,
FB000022,Accessories,Zara,
FB000023,Accessories,Zara,
FB000035,Accessories,Forever21,
FB000040,Bottoms,Banana Republic,
FB000048,Accessories,Ann Taylor,
FB000050,Accessories,Banana Republic,
FB000055,Accessories,Banana Republic,
FB000063,Accessories,Forever21,
FB000064,Shoes,H&M,
FB000067,Accessories,Ann Taylor,
FB000078,Accessories,Uniqlo,
FB000080,Accessories,Uniqlo,
FB000092,Accessories,Zara,
FB000096,Accessories,Gap,
FB000112,Accessories,Banana Republic,
FB000117,Accessories,Uniqlo,
FB000125,Accessories,Uniqlo,
FB000134,Accessories,Ann Taylor,
FB000146,Tops,Uniqlo,
FB000162,Accessories,Gap,
FB000164,Accessories,H&M,
FB000167,Accessories,Mango,
FB000168,Accessories,Ann Taylor,
FB000173,Accessories,Ann Taylor,
FB000180,Accessories,Banana Republic,
FB000205,Accessories,Forever21,
FB000206,Accessories,Banana Republic,
FB000214,Accessories,Banana Republic,
FB000230,Accessories,Ann Taylor,
FB000232,Accessories,Mango,
FB000233,Dresses,Forever21,
FB000234,Tops,Gap,
FB000237,Accessories,H&M,
FB000238,Accessories,Mango,
FB000240,Shoes,Zara,
FB000243,Accessories,Forever21,
FB000257,Accessories,Ann Taylor,
FB000260,Accessories,Banana Republic,
FB000266,Accessories,Banana Republic,
FB000269,Accessories,Mango,
FB000271,Dresses,Forever21,
FB000278,Dresses,Zara,
FB000280,Accessories,Uniqlo,
FB000281,Accessories,Zara,
FB000286,Accessories,Zara,
FB000289,Shoes,Mango,
FB000290,Accessories,H&M,
FB000297,Accessories,Gap,
FB000307,Accessories,Gap,
FB000319,Accessories,Uniqlo,
FB000323,Bottoms,H&M,
FB000328,Accessories,Gap,
FB000330,Accessories,Gap,
FB000334,Accessories,Zara,
FB000335,Bottoms,Mango,
FB000345,Accessories,Zara,
FB000349,Accessories,Gap,
FB000351,Accessories,Forever21,
FB000354,Accessories,Uniqlo,
FB000357,Accessories,Mango,
FB000358,Accessories,Forever21,
FB000366,Accessories,Uniqlo,
FB000370,Accessories,H&M,
FB000378,Accessories,Gap,
FB000380,Accessories,Mango,
FB000381,Accessories,Mango,
FB000384,Accessories,Banana Republic,
FB000388,Accessories,H&M,
FB000389,Accessories,Banana Republic,
FB000395,Tops,Zara,
FB000399,Accessories,H&M,
FB000402,Accessories,Gap,
FB000403,Accessories,Uniqlo,
FB000404,Accessories,Banana Republic,
FB000410,Accessories,Zara,
FB000427,Shoes,Uniqlo,
FB000430,Shoes,Mango,
FB000431,Accessories,Uniqlo,
FB000442,Accessories,Banana Republic,
FB000443,Accessories,Zara,
FB000445,Accessories,Banana Republic,
FB000446,Tops,Ann Taylor,
FB000449,Accessories,Gap,
FB000451,Accessories,Mango,
FB000454,Accessories,Ann Taylor,
FB000462,Accessories,H&M,
FB000469,Accessories,Zara,
FB000472,Bottoms,Ann Taylor,
FB000478,Accessories,Gap,
FB000486,Accessories,Gap,
FB000488,Accessories,Uniqlo,
FB000489,Outerwear,Banana Republic,
FB000490,Accessories,Mango,
FB000496,Tops,Ann Taylor,
FB000506,Accessories,Zara,
FB000508,Accessories,H&M,
FB000512,Accessories,Ann Taylor,
FB000514,Accessories,Banana Republic,
FB000515,Outerwear,Ann Taylor,
FB000519,Accessories,Uniqlo,
FB000521,Accessories,Mango,
FB000524,Accessories,Forever21,
FB000529,Accessories,H&M,
FB000530,Accessories,Uniqlo,
FB000532,Accessories,Zara,
FB000546,Accessories,Ann Taylor,
FB000548,Accessories,Uniqlo,
FB000550,Bottoms,Gap,
FB000557,Bottoms,Mango,
FB000568,Accessories,Zara,
FB000570,Accessories,Zara,
FB000575,Accessories,Ann Taylor,
FB000578,Accessories,H&M,
FB000587,Accessories,H&M,
FB000589,Accessories,Ann Taylor,
FB000592,Accessories,Zara,
FB000596,Shoes,H&M,
FB000602,Accessories,Ann Taylor,
FB000605,Accessories,Uniqlo,
FB000606,Accessories,Gap,
FB000607,Accessories,Zara,
FB000609,Accessories,Forever21,
FB000613,Accessories,Mango,
FB000614,Accessories,Mango,
FB000615,Accessories,Banana Republic,
FB000617,Accessories,Zara,
FB000622,Accessories,Zara,
FB000623,Accessories,Mango,
FB000624,Accessories,Forever21,
FB000630,Bottoms,Ann Taylor,
FB000634,Accessories,Gap,
FB000635,Dresses,Ann Taylor,
FB000653,Accessories,Gap,
FB000656,Accessories,Ann Taylor,
FB000659,Accessories,Banana Republic,
FB000661,Accessories,Ann Taylor,
FB000663,Accessories,Forever21,
FB000666,Accessories,Forever21,
FB000675,Accessories,Gap,
FB000678,Accessories,Banana Republic,
FB000679,Accessories,Gap,
FB000680,Accessories,Zara,
FB000681,Accessories,Forever21,
FB000695,Tops,H&M,
FB000699,Accessories,Uniqlo,
FB000702,Accessories,H&M,
FB000703,Accessories,Mango,
FB000704,Tops,Forever21,
FB000705,Bottoms,Ann Taylor,
FB000707,Accessories,Uniqlo,
FB000711,Accessories,Ann Taylor,
FB000718,Outerwear,Banana Republic,
FB000723,Accessories,Zara,
FB000729,Accessories,Zara,
FB000731,Dresses,Banana Republic,
FB000735,Accessories,Forever21,
FB000736,Accessories,Gap,
FB000745,Tops,Ann Taylor,
FB000746,Accessories,Forever21,
FB000748,Accessories,Forever21,
FB000750,Accessories,Forever21,
FB000753,Accessories,Uniqlo,
FB000755,Accessories,Ann Taylor,
FB000757,Accessories,Banana Republic,
FB000759,Accessories,Uniqlo,
FB000762,Accessories,Forever21,
FB000775,Accessories,Uniqlo,
FB000783,Bottoms,Mango,
FB000784,Accessories,Gap,
FB000796,Accessories,Zara,
FB000804,Accessories,Forever21,
FB000806,Accessories,H&M,
FB000819,Accessories,Zara,
FB000822,Accessories,Ann Taylor,
FB000826,Accessories,Ann Taylor,
FB000830,Accessories,H&M,
FB000831,Shoes,Uniqlo,
FB000840,Accessories,Mango,
FB000844,Accessories,H&M,
FB000851,Accessories,Mango,
FB000858,Accessories,Banana Republic,
FB000864,Accessories,H&M,
FB000870,Accessories,Zara,
FB000873,Accessories,Gap,
FB000877,Accessories,Mango,
FB000878,Accessories,Banana Republic,
FB000884,Accessories,Zara,
FB000886,Accessories,Forever21,
FB000887,Accessories,Forever21,
FB000888,Accessories,H&M,
FB000889,Shoes,Zara,
FB000892,Accessories,Forever21,
FB000895,Tops,Banana Republic,
FB000897,Accessories,Forever21,
FB000901,Accessories,Banana Republic,
FB000903,Accessories,H&M,
FB000905,Accessories,Mango,
FB000911,Tops,Uniqlo,
FB000914,Shoes,Gap,
FB000920,Accessories,Ann Taylor,
FB000922,Accessories,Ann Taylor,
FB000926,Accessories,Zara,
FB000928,Accessories,Uniqlo,
FB000930,Accessories,H&M,
FB000931,Accessories,Forever21,
FB000933,Accessories,H&M,
FB000938,Accessories,Gap,
FB000941,Dresses,Banana Republic,
FB000946,Accessories,Gap,
FB000948,Accessories,Ann Taylor,
FB000949,Accessories,Ann Taylor,
FB000950,Accessories,Gap,
FB000952,Accessories,Forever21,
FB000959,Accessories,Forever21,
FB000974,Accessories,Forever21,
FB000981,Accessories,Forever21,
FB000991,Accessories,Ann Taylor,
FB000992,Accessories,Uniqlo,
FB000994,Bottoms,Ann Taylor,
FB001000,Dresses,Gap,
FB001003,Accessories,Zara,
FB001005,Accessories,Gap,
FB001006,Accessories,Gap,
FB001007,Accessories,Zara,
FB001008,Accessories,Forever21,
FB001022,Accessories,Uniqlo,
FB001023,Tops,Mango,
FB001038,Accessories,H&M,
FB001042,Accessories,Gap,
FB001044,Accessories,H&M,
FB001058,Accessories,Uniqlo,
FB001059,Accessories,Gap,
FB001071,Dresses,Banana Republic,
FB001076,Accessories,Uniqlo,
FB001086,Shoes,Zara,
FB001090,Accessories,Ann Taylor,
FB001091,Accessories,Gap,
FB001098,Accessories,Banana Republic,
FB001103,Accessories,Gap,
FB001104,Accessories,Ann Taylor,
FB001106,Accessories,Zara,
FB001110,Bottoms,Banana Republic,
FB001112,Dresses,Ann Taylor,
FB001131,Accessories,Ann Taylor,
FB001139,Accessories,Zara,
FB001142,Accessories,Banana Republic,
FB001145,Accessories,Zara,
FB001158,Accessories,Banana Republic,
FB001159,Accessories,Gap,
FB001161,Accessories,Forever21,
FB001164,Accessories,Zara,
FB001168,Tops,Forever21,
FB001170,Bottoms,Zara,
FB001182,Accessories,Forever21,
FB001186,Accessories,Uniqlo,
FB001188,Accessories,Banana Republic,
FB001189,Shoes,Banana Republic,
FB001197,Accessories,Zara,
FB001202,Accessories,Uniqlo,
FB001207,Accessories,H&M,
FB001208,Accessories,Mango,
FB001209,Accessories,Zara,
FB001213,Bottoms,H&M,
FB001216,Shoes,Forever21,
FB001217,Accessories,Zara,
FB001219,Tops,Ann Taylor,
FB001220,Accessories,H&M,
FB001224,Accessories,Forever21,
FB001227,Accessories,Uniqlo,
FB001231,Accessories,Banana Republic,
FB001232,Accessories,Zara,
FB001235,Accessories,Mango,
FB001242,Accessories,Ann Taylor,
FB001245,Dresses,Forever21,
FB001252,Shoes,Ann Taylor,
FB001256,Accessories,Forever21,
FB001261,Accessories,Gap,
FB001264,Accessories,Banana Republic,
FB001272,Accessories,H&M,
FB001287,Shoes,Forever21,
FB001288,Accessories,Ann Taylor,
FB001289,Accessories,Banana Republic,
FB001294,Accessories,Uniqlo,
FB001299,Accessories,Zara,
FB001300,Outerwear,H&M,
FB001301,Accessories,Mango,
FB001302,Accessories,Mango,
FB001307,Accessories,Mango,
FB001308,Accessories,Forever21,
FB001310,Accessories,Ann Taylor,
FB001321,Accessories,Zara,
FB001326,Accessories,Zara,
FB001333,Accessories,H&M,
FB001336,Shoes,Zara,
FB001339,Accessories,Forever21,
FB001343,Outerwear,Banana Republic,
FB001354,Accessories,Zara,
FB001359,Accessories,H&M,
FB001372,Accessories,Uniqlo,
FB001374,Accessories,Gap,
FB001375,Accessories,Gap,
FB001379,Accessories,Gap,
FB001405,Accessories,Zara,
FB001406,Shoes,Mango,
FB001407,Accessories,H&M,
FB001414,Accessories,Forever21,
FB001418,Accessories,Zara,
FB001422,Accessories,Forever21,
FB001429,Accessories,H&M,
FB001432,Accessories,Mango,
FB001440,Accessories,Gap,
FB001442,Outerwear,H&M,
FB001443,Outerwear,Ann Taylor,
FB001445,Accessories,Uniqlo,
FB001449,Accessories,Mango,
FB001451,Accessories,Ann Taylor,
FB001455,Accessories,Uniqlo,
FB001457,Accessories,Gap,
FB001460,Accessories,H&M,
FB001461,Accessories,Gap,
FB001463,Accessories,Zara,
FB001472,Accessories,H&M,
FB001475,Accessories,Zara,
FB001476,Accessories,Mango,
FB001479,Accessories,Gap,
FB001484,Accessories,Zara,
FB001488,Accessories,Uniqlo,
FB001502,Accessories,Zara,
FB001510,Dresses,Uniqlo,
FB001513,Accessories,Uniqlo,
FB001514,Accessories,Ann Taylor,
FB001519,Accessories,Uniqlo,
FB001521,Accessories,Ann Taylor,
FB001522,Accessories,Mango,
FB001526,Accessories,Forever21,
FB001528,Accessories,Uniqlo,
FB001533,Accessories,Zara,
FB001541,Accessories,Mango,
FB001542,Accessories,H&M,
FB001544,Shoes,H&M,
FB001545,Accessories,Zara,
FB001547,Accessories,Ann Taylor,
FB001551,Tops,Gap,
FB001557,Bottoms,Gap,
FB001560,Accessories,Gap,
FB001564,Shoes,Banana Republic,
FB001570,Accessories,Zara,
FB001571,Bottoms,Uniqlo,
FB001573,Accessories,Zara,
FB001581,Bottoms,Mango,
FB001585,Accessories,Mango,
FB001586,Accessories,Forever21,
FB001588,Accessories,Uniqlo,
FB001593,Accessories,Banana Republic,
FB001602,Accessories,Banana Republic,
FB001603,Shoes,Zara,
FB001608,Accessories,Forever21,
FB001610,Accessories,Gap,
FB001611,Accessories,Mango,
FB001624,Accessories,Banana Republic,
FB001631,Accessories,Uniqlo,
FB001633,Accessories,Zara,
FB001638,Accessories,Ann Taylor,
FB001640,Accessories,Mango,
FB001642,Accessories,Uniqlo,
FB001653,Accessories,H&M,
FB001658,Accessories,Mango,
FB001674,Bottoms,Ann Taylor,
FB001675,Accessories,Forever21,
FB001676,Dresses,Banana Republic,
FB001677,Accessories,Banana Republic,
FB001680,Accessories,Gap,
FB001690,Outerwear,Mango,
FB001691,Accessories,Zara,
FB001692,Accessories,Uniqlo,
FB001693,Accessories,Mango,
FB001694,Accessories,Mango,
FB001695,Accessories,H&M,
FB001696,Accessories,Banana Republic,
FB001698,Accessories,Banana Republic,
FB001703,Accessories,Forever21,
FB001711,Accessories,Uniqlo,
FB001719,Accessories,Ann Taylor,
FB001720,Dresses,Gap,
FB001722,Accessories,Mango,
FB001724,Bottoms,Mango,
FB001725,Shoes,Ann Taylor,
FB001728,Accessories,Zara,
FB001739,Tops,Forever21,
FB001749,Accessories,Banana Republic,
FB001761,Accessories,Banana Republic,
FB001765,Accessories,Mango,
FB001771,Accessories,H&M,
FB001772,Accessories,Uniqlo,
FB001773,Accessories,Uniqlo,
FB001778,Accessories,H&M,
FB001783,Accessories,Gap,
FB001786,Accessories,Zara,
FB001789,Bottoms,H&M,
FB001790,Accessories,Gap,
FB001791,Accessories,Mango,
FB001798,Accessories,Ann Taylor,
FB001799,Accessories,Gap,
FB001805,Accessories,Forever21,
FB001807,Accessories,Zara,
FB001808,Accessories,Ann Taylor,
FB001810,Accessories,H&M,
FB001811,Accessories,H&M,
FB001816,Accessories,H&M,
FB001827,Outerwear,Gap,
FB001838,Shoes,Forever21,
FB001839,Accessories,Gap,
FB001845,Accessories,Gap,
FB001851,Accessories,Ann Taylor,
FB001853,Accessories,Gap,
FB001855,Dresses,Forever21,
FB001858,Bottoms,Ann Taylor,
FB001861,Accessories,Forever21,
FB001869,Tops,Forever21,
FB001871,Accessories,Zara,
FB001881,Accessories,H&M,
FB001882,Outerwear,H&M,
FB001883,Accessories,Uniqlo,
FB001896,Accessories,Uniqlo,
FB001906,Accessories,Zara,
FB001910,Accessories,Forever21,
FB001912,Accessories,Mango,
FB001918,Accessories,Banana Republic,
FB001919,Dresses,Zara,
FB001921,Accessories,Zara,
FB001926,Accessories,Ann Taylor,
FB001939,Accessories,Ann Taylor,
FB001949,Accessories,Banana Republic,
FB001955,Accessories,Zara,
FB001965,Outerwear,Gap,
FB001967,Accessories,Forever21,
FB001973,Accessories,Gap,
FB001975,Bottoms,Banana Republic,
FB001984,Accessories,Mango,
FB001987,Accessories,Uniqlo,
FB001991,Accessories,Uniqlo,
FB001997,Accessories,Ann Taylor,
FB002013,Accessories,Forever21,
FB002014,Accessories,Uniqlo,
FB002020,Accessories,Forever21,
FB002024,Tops,Uniqlo,
FB002028,Accessories,Gap,
FB002030,Outerwear,Uniqlo,
FB002032,Dresses,Uniqlo,
FB002036,Accessories,Uniqlo,
FB002038,Accessories,Ann Taylor,
FB002053,Accessories,Zara,
FB002055,Accessories,Banana Republic,
FB002056,Accessories,Uniqlo,
FB002058,Accessories,Mango,
FB002062,Accessories,Mango,
FB002063,Accessories,H&M,
FB002069,Accessories,Forever21,
FB002072,Accessories,Uniqlo,
FB002074,Accessories,Forever21,
FB002080,Accessories,Ann Taylor,
FB002081,Accessories,Forever21,
FB002086,Accessories,Forever21,
FB002092,Accessories,Gap,
FB002095,Accessories,Forever21,
FB002102,Accessories,Uniqlo,
FB002105,Accessories,Mango,
FB002107,Accessories,Ann Taylor,
FB002108,Accessories,Ann Taylor,
FB002112,Accessories,Mango,
FB002114,Accessories,Mango,
FB002116,Accessories,Zara,
FB002129,Accessories,Uniqlo,
FB002131,Accessories,Forever21,
FB002134,Accessories,Ann Taylor,
FB002135,Accessories,Mango,
FB002136,Dresses,Uniqlo,
FB002145,Accessories,Uniqlo,
FB002147,Accessories,Gap,
FB002150,Accessories,Gap,
FB002153,Accessories,Uniqlo,
FB002158,Accessories,Ann Taylor,
FB002163,Accessories,Gap,
FB002165,Accessories,Uniqlo,
FB002166,Accessories,Banana Republic,
FB002169,Shoes,Ann Taylor,
FB002170,Accessories,Uniqlo,
FB002174,Accessories,Banana Republic,
